CRE BIZERTE,,,,,,,,,,,,,,,,,
N°,Nom de projet ,L'Ingénieur chargé de l'affaire,D.A.O,,,D0,EXE,,,Nbre des V.tes ,Nbre des V.tes éffect,Avcment           des travaux,R   PRO,D6,R DEF,Observations,
,,,Str,Elec,Fl,,Str,Elec,Fl,,,,,,,,
1,Aménagement de l'école primaire JOUAOUDA à MENZEL BOURGUIBA,Abdelwaheb Bannour                                           Gmati Salem,X,X,,X,X,,X,20,2,100%,,X,,Travaux achevés (absence des PV de RP)                                            Facture N°1 établie et transmise le 26/11/2019                                                            Facture N°2 établie et transmise le 21/10/2021,
2,Construction de lycée EL JALAA à BIZERTE,Abdelwaheb Bannour                                                           Gmati Salem,X,X,X,X,X,X,X,16,14,80%,,X,,Travaux en cours                                                            Facture N°1 établie et transmise le 06/07/2022   ,
3,Aménagement et entretien de l'école primaire BAZINA à JOUMINE,Abdelwaheb Bannour                                                 Gmati Salem,X,X,,X,,,,6,,0%,,X,,Travaux non entamnés,DAO EL A VERIFIER SOUSSE
4,Aménagement et entretien de l'école primaire Avenue Hbib Bourguiba à MENZEL JMIL,Abdelwaheb Bannour                                              Gmati Salem,X,X,X,X,X,X,X,6,5,100%,X,X,X,Travaux réceptionnés                                                                          Facture N°1 établie et transmise le 20/11/2019                                                                         Facture N°2 établie et transmise le 21/10/2021,D0 + D6 SOUSSE
5,Aménagement et entretien de l'école primaire JBAL SEMMEN à JOUMINE,Abdelwaheb Bannour                                                    Gmati Salem,X,X,X,X,X,X,X,6,6,100%,X,X,,Travaux réceptionnés                                                                                                   Facture N°1 établie et transmise le 20/11/2019                                                                              Facture N°2 établie et transmise le 25/10/2021,
6,Construction d'une salle préparatoire à l'école primaire KHARRAT à BIZERTE SUD,Abdelwaheb Bannour                                          Gmati Salem,X,,X,X,,,,10,,0%,,X,,Travaux non entamnés,
7,Construction d'une salle de classe à l'école primaire Avenue de la république MENZEL JEMIL,Abdelwaheb Bannour                                                   Gmati Salem,X,,,X,,,,10,,0%,,X,,Travaux non entamnés,
8,Construction d'une salle de classe à l'école primaire EL HAY EL JADID à RAS JEBAL,Abdelwaheb Bannour                                                   Gmati Salem,X,,,X,,,,10,,0%,,X,,Travaux non entamnés,
9,Construction d'une école primaire à HAFER MHOR ,Abdelwaheb Bannour                                                   Gmati Salem,,,,X,,,,6,7,100%,,X,X,Travaux achevés (absence des L. App. Des tous les lots / absence des PVs de réception),
10,Aménagement et entretien de l'école préparatoire OMM EL HENI à MENZEL BOURGUIBA,Abdelwaheb Bannour                                                    Gmati Salem,X,X,X,X,X,X,X,6,6,100%,X,X,X,Travaux réceptionnés                                                                         Facture N°1 établie et transmise le 20/11/2019                                                                              Facture N°2 établie et transmise le 27/10/2021,
11,Aménagement et entretien de lycée CANAL JARZOUNA,Abdelwaheb Bannour                                                Gmati Salem,X,X,X,X,X,X,X,6,6,100%,X,X,,Travaux réceptionnés                                                                                  Facture N°1 établie et transmise le 21/10/2021                                                                                   Facture N°2 établie et transmise le 29/08/2022,
12,Construction d'un bloc sanitaire à l'école primaire KORNICH BIZERTE NORD,Abdelwaheb Bannour                                           Gmati Salem,X,X,X,X,X,X,X,20,6,100%,X,X,X,Facture N°1 établie et transmise le 05/04/2023,D0+D6 SOUSSE
13,Construction d'un bloc sanitaire à l'école primaire KORNICH PLAGE BIZERTE NORD,,,,,X,,,,,,,,X,,,
14,Construction d'un bloc sanitaire à l'école primaire AIN BITAR MENZEL JEMIL,,X,X,X,X,X,X,X,,2,100%,X,X,X,,D0+D6 SOUSSE
15,Construction d'un bloc sanitaire à l'école primaire EL AOUAYCHIA EL ALIA,,,,,X,,,,,,,,X,,,
16,Construction d'un bloc sanitaire à l'école primaire AIN MARIEM BIZERTE NORD,,X,X,X,X,X,X,X,,5,100%,X,X,X,,D0+D6 SOUSSE
17,Construction d'un bloc sanitaire à l'école primaire CITE EL BASSATINE BIZERTE SUD,,,,,X,,,,,,,,X,,,
18,Démolition et réconstruction d'un bloc sanitaire à l'école primaire CITE EL HANA BIZERTE NORD,Abdelwaheb Bannour                                    Gmati Salem ,X,,X,X,,,,12,1,0%,,X,,Travaux non entamnés,
19,Démolition et réconstruction d'un bloc sanitaire à l'école primaire EL HAY EL JADID AOUSJA,,X,,X,X,,,,,,,,X,,,
20,Démolition et réconstruction d'un bloc sanitaire à l'école primaire ASSAD IBN AL FOURAT MENZEL ABDERRAHMEN,,X,,X,X,,,,,1,0%,,X,,,
21,Démolition et réconstruction d'un bloc sanitaire à l'école primaire EL MABIT MATEUR,,X,,X,X,,,,,,,,X,,,
22,Aménagement et entretien de l'école primaire JOUAOUDA ,Abdelwaheb Bannour                                Gmati Salem  ,X,X,X,X,X,X,X,20,20,100%,,X,,Travaux réceptionnés (absence de PV RP)                                                                           Facture N°1 établie et transmise le 26/11/2019                                                                     Facture N°2 établie et transmise le 21/10/2021,D0+D6 SOUSSE
23,Extension au Commissariat Régionale de l'Education de BIZERTE,Abdelwaheb Bannour                         Gmati Salem,X,X,X,,,,,,,,,,,Travaux non entamnés                                                                       Facture N°1 établie et transmise le 25/10/2018  ,
,,,,,,,,,,,,,,,,,
,,,,,MAJ TUNIS,,,,,,,,,,,,
,,,,,,,,,,,,,,,,,
,,,,,,,,,,,,,,,,,
,,,,,,,,,,,,,,,,,
,,,,,,,,,,Lot non prévu,,,,,,,
,,,,,,,,,,Dossier non reçu,,,,,,,
,,,,,,,,,,Dossier non approuvé,,,,,,,
,,,,,,,,,,Dossier reçu et en cours de vérification,,,,,,,
,,,,,,,,,,,,,,,,,
,,,,,,,,,,,,,,,,,
,,,,,,,,,,,,,,,,,
,,,,,,,,,,,,,,,,,
,,,,,,,,,,,,,,,,,
,,,,,,,,,,,,,,,,,
,,,,,,,,,,,,,,,,,
,,,,,,,,,,,,,,,,,
,,,,,,,,,,,,,,,,,
,,,,,,,,,,,,,,,,,
,,,,,,,,,,,,,,,,,
,,,,,,,,,,,,,,,,,
,,,,,,,,,,,,,,,,,
,,,,,,,,,,,,,,,,,
,,,,,,,,,,,,,,,,,
,,,,,,,,,,,,,,,,,
,,,,,,,,,,,,,,,,,
,,,,,,,,,,,,,,,,,
,,,,,,,,,,,,,,,,,
,,,,,,,,,,,,,,,,,
,,,,,,,,,,,,,,,,,
TOTAL :,,,,,,,,,,,,,,,,0,
