DRE EL KEF,,,,,,,,,,,,,,,,,
N°,Nom de projet ,L'Ingénieur Chargé de l'affaire,D.A.O,,,D0,EXE,,,Nbre des V.tes ,Nbre des V.tes éffect,Avcment des travaux,R PRO,D6,R DEF,Observations,
,,,Str,Elec,Fl,,Str,Elec,Fl,,,,,,,,
1,Eclairage public aux délégation du KEF-EST,Larbech Adel,,X,,X,,X,,3,1,100%,X,X,X,Travaux réceptionnés                                             Facture N°1 établie et transmise le 17/08/2023,ECLAIRAGE PUBLIQUE PAS DE D0 ET D6
2,Eclairage public aux délégation du KEF -OUEST,Larbech Adel,,X,,X,,X,,3,1,100%,,X,X,Travaux réceptionnés                           (manque PV de RP)                                                                       Facture N°1 établie et transmise le 17/08/2023,ECLAIRAGE PUBLIQUE PAS DE D0 ET D6
3,Eclairage public aux délégation du KEF -TOUIREF,Larbech Adel,,X,,X,,X,,3,1,50%,,X,,Travaux en cours                                                    Facture N°1 établie et transmise le 17/08/2023,ECLAIRAGE PUBLIQUE PAS DE D0 ET D6
4,Aménagement de deux zones vertes cité EL ONES au KEF OUEST,Abdelwaheb Bannour Larbech Adel,X,X,,X,,,,5,,0%,,X,,  Travaux non entamés                                              Facture N°1 établie et transmise le 17/08/2023,
5,Construction d'un dortoir à la poste frontalière de la garde nationale oued elrmal-ELKEF ,Larbech Adel,,,,X,,X,,10,1,100%,X,X,X,Travaux réceptionnés                                             ,D0 ET D6 SOUSSE
6,Renforcement de l'institut supérieure de l'informatique au KEF ,Abdelwaheb Bannour Larbech Adel,X,X,,X,,X,,10,9,90%,,X,,  Travaux non entamés                                              Facture N°1 établie et transmise le 17/08/2023,
7,Construction d'un local pour le groupe d'intervention rapide de la garde nationale du KEF,Larbech Adel,X,X,X,X,X,X,X,18,14,100%,X,X,,Travaux réceptionnés                                             Facture N°1 établie et transmise le 19/02/2021 Facture N°2 établie et transmise le 24/05/2023,
8,Aménagement du stade municipal de SAKIET SIDI YOUSSEF (Accotement du stade),Abdelwaheb Bannour,X,,,X,X,,,5,0,100%,0,X,X,  Travaux non entamés                                              Facture N°1 établie et transmise le 17/08/2023,PAS DE D0 ET D6
9,Aménagement du stade municipal à SERES (Accotement du stade),Abdelwaheb Bannour,X,,,X,,,,5,5,100%,X,X,,Travaux réceptionnés                                                              Facture N°1 établie et transmise le 17/08/2023,PAS DE D0 ET D6
10,Aménagement du stade municipal à SERES (Aménagement des vestaires),Abdelwaheb Bannour                          Larbech Adel                            Hedfi Mahdi,X,X,X,X,,,,15,3,100%,X,X,,Travaux réceptionnés                                             Facture N°1 établie et transmise le 17/08/2023,PAS DE D0 ET D6
11,Protection du stade municipal TAJROUINE des eaux pluviales,Abdelwaheb Bannour,X,,,X,X,,,15,5,100%,,X,,                                             Facture N°1 établie et transmise le 17/08/2023,PAS DE D0 ET D7
12,construction du siège de la groupe mobile de la garde nationale au TEJEROUINE,Abdelwaheb Bannour                                      Larbech Adel                                                  Gmati Salem,X,X,X,X,X,X,X,24,22,100%,X,X,,Travaux réceptionnés                                            Facture N°1 établie et transmise le 19/02/2021 Facture N°2 établie et transmise le 13/10/2022,
13,Aménagement de la maison des jeunes DAHMANI,Larbech Adel                                         Hedfi Mahdi ,X,,,X,X,,X,8,6,100%,X,X,,Travaux réceptionnés         ,PAS DE D0 ET D6
14,Aménagement de la maison des jeunes DAHMANI                               (Electricité et Fluides),,,,,X,,,,15,,0%,,X,,  Travaux non entamés                                                (BC reçcu / Dossiers non reçus),
15,Construction d'une clôture et d'un abri pour ambulance au centre de santé de base type 4 à TOUIREF ,Abdelwaheb Bannour  ,X,,,X,X,,,7,,100%,X,X,,Travaux réceptionnés         ,D0 ET D6 SOUSSE
16,Entretien du palais de la municipalité du JERISSA ,Larbech Adel                     Hedfi Mahdi ,,X,X,X,,X,,10,,0%,,X,,  Travaux non entamés                                                ,
17,Aménagement du stade municipal-DJERISSA (Accotement du stade),Abdelwaheb Bannour,X,,,X,X,,,5,3,100%,X,X,,  Travaux non entamés                                                (BC reçcu / Dossiers non reçus),PAS DE D0 ET D6
18,Aménagement du poste de la sécurité national au DJERISSA,Larbech Adel,,X,,X,,X,,8,8,100%,X,X,X,Travaux réceptionnés                                             Facture N°1 établie et transmise le 08/11/2022,
19,Aménagement du maison des jeunes Mohamed Gammoudi El KEF,Abdelwaheb Bannour                                Larbech Adel,X,X,,X,,,,15,,0%,,X,,   Travaux non entamés                                    Facture N°1 établie et transmise le 22/08/2023,
20,Installation d'un chauffage central dans certains sièges appartenant à la ministère des finances dans la GOUVERNORAT DU KEF ,Abdelwaheb Bannour                              Hadfi Mahdi,X,,X,X,,,,6,4,100%,X,X,X,Travaux réceptionnés,
21,Aménagement de la maison des jeunes Mohamed GAMOUDI ,Abdelwaheb Bannour Larbech Adel,X,X,,X,,,,15,,0%,,X,,Travaux non entamés                                        Facture N°1 établie et transmise le 22/08/2023,VERIFIER LIGNE 22 ET 24 SI MEME PROJET
22,Aménagement du club d'enfants à MENZEL SALEM TAJEROUINE,Abdelwaheb Bannour                           Larbech Adel                                                  Gmati Salem,X,,,X,,X,X,5,3,100%,X,X,X,Travaux réceptionnés                                             Facture N°1 établie et transmise le 17/11/2020,
23,Aménagement du stade municipal à KALAAT SNEN,Abdelwaheb Bannour,X,,,X,,,,15,,0%, ,X,,Travaux non entamés,
24,Aménagement du local de la direction régional du protection civil au KEF,Abdelwaheb Bannour                                 Larbech Adel,X,X,,X,,X,,14,6,100%,X,X,X,Travaux réceptionnés,PAS DE D0 ET D6
25,Construction d'un quartier administratif au barrage du Mellegue au KEF,Abdelwaheb Bannour                          Larbech Adel ,X,X,,X,,,,28,,0%,,X,,Travaux  non entamés                                             Facture N°1 établie et transmise le 19/02/2021,
26,Aménagement et revêtement du terrain du sport au maison de jeunes ELKSOUR- KEF ,Hammami Kais,X,,,X,,,,10,,0%,,X,,Travaux non entamés,
27,Travaux de renforcement de la structure du département de PNEUMO-PTHISOLOGIE A L'HOPITAL REGIONAL DU KEF ,Abdelwaheb Bannour,X,,,X,X,,,5,6,100%,X ,X,X,Travaux réceptionnés                                             Facture N°1 établie et transmise le 19/02/2021 ,
28,Aménagement du marché des bestiaux à KALLA KHASBA,Larbech Adel ,,X,,X,,,,15,,0%,,X,,Travaux non entamés,
29,Aménagement du marche local (HEBDOMADAIRE) au TOUIREF,Abdelwaheb Bannour,X,,,X,,,,14,,0%,,X,,Travaux non entamés                                          ,
30,Renforcement du restaurant universitaire HANNIBAL au KEF,Abdelwaheb Bannour,X ,,,,X,,,10,10,100%,X,,X,Travaux réceptionnés                                             Facture N°1 établie et transmise le 13/10/2022 ,
31,Aménagement du local de la protection civile à DAHMANI ,Abdelwaheb Bannour                         Larbech Adel ,X,X,X,X, X,,,10,6,100%,X,X,,Travaux réceptionnés                                             Facture N°1 établie et transmise le 17/08/2023 ,
32,Réamenagement de la délégation du logement de fonction à SAKIET SIDI YOUSSEF -TRANCHE II,Abdelwaheb Bannour                      Larbech Adel                         Gmati Salem,X,X,X,X,X,X,X,10,10,100%,X ,X,X,Travaux réceptionnés                                             Facture N°1 et la dernière établie et transmise   le 11/10/2022 ,PAS DE D0 ET D6
33,Achèvement de construction du salle des sports individuelle au SERS,Abdelwaheb Bannour,X,,,X,X,,,14,1,0%,,X,,Travaux non entamés,
34,Reconstruction de la justice contonal TAJROUINE ,Larbech Adel                                              Gmati Salem,X,X,X,X,X,,,50,3,15%,,X,,Travaux en cours,
35,Aménagement de la maison des jeunes OUED MALLEGUE (2ème TRANCHE), Abdelwaheb Bannour  ,X,,,X,,,,10,,0%,,X,,Travaux non entamés  ,
36, Restauration du siège de la Municipalité et le logement de fonction au NEBEUR,,,,,X,,,,8,,0%,,X,,Travaux non entamés                                                  (BC reçcu / Dossiers non reçus),
37,Aménagement du parc Municipal au TOUIREF,Abdelwaheb Bannour                          Larbech Adel,X,,,X,X,X,,8,7,100%,X,X,,Travaux en cours                                                    Facture N°1 établie et transmise le 13/10/2022,
38,Démolution et reconstruction du club des enfants 18 janvier au KEF et la création d'un espace pour la petite enfance ,,,,,X,,,,26,,0%,,X,,Travaux non entamés                                                  (BC reçcu / Dossiers non reçus),
39,Construction d'un local pour la bibliothèque ambilante au KEF ,Larbech Adel                       Hedfi Mahdi ,X,X,,X,X,X,X,10,10,100%,,X,,Travaux réceptionnés (absence du PV de R)                                              Facture N°1 établie et transmise le 19/02/2021,
40,Aménagement d'un jardin d'enfants-ELKSOUR ,Abdelwaheb Bannour                   Larbech Adel                      Hedfi Mahdi,X,X,,X,X,X,X,10,4,100%,,X,,Travaux terminés            renforcement,
41,"Aménagement du maison des jeunes ""EL MAHJOUBA"" au KALAAT SINEN ",Chaari Bilel                  Larbech Adel,X,,,X,,X,,8,2,100%,X,X,,Travaux réceptionnées,
42,Maintenance du générateur électrique au siège la gouvernorat du KEF,,,,,X,,,,8,,0%,,X,,Travaux non entamés                                                  (BC reçcu / Dossiers non reçus),
43,Travaux d'entretien de la première instance du KEF (1ère tranche),Gmati Salem,,,X,X,,,X,10,,0%,X,X,,Travaux non entamés,
44,Aménagement du club d'enfants au DAHMANI,,,,,X,,,,5,,0%,,X,,Travaux non entamés                                                  (BC reçcu / Dossiers non reçus),
45,Aménagement de l'abattoir municipal au TOUIREF,,,,,X,,,,!,,0%,,X,,Travaux non entamés                                                  (BC reçcu / Dossiers non reçus),
46,Aménagement d'une jardin d'enfants DAHMANI,Larbech Adel    ,,,,X,,,,3,1,100%,X,X,,Travaux réceptionnés                                                  (BC reçcu / Dossiers non reçus),
47,Aménagement du centre régional de l'informatique dirigé aux enfants -EL KEF ,Larbech Adel                      Hedfi Mahdi ,X,X,X,X, ,,,!,,0%,,X,,Travaux non entamés                                              ,
48,Rénovation de l'unité de chauffage central du service des urgences de l'HOPITAL REGIONAL DE KEF,Hedfi Mahdi,,,,X,,,X,3,3,100%,X,X,X,Travaux réceptionnés    ,PAS DE D0 ET D6
49,Instalation des fluides médicaux a l'HOPITAL LOCAL du TAJEROUINE ,Gmati Salem,,                                                                                                                                     ,X,X,,,X,10,3,100%,X,X, ,Travaux réceptionnés                                             Facture N°1 établie et transmise le 15/11/2022,PAS DE D0 ET D6
50,Installation des fluides médicaux a l'HOPITAL REGIONAL du KEF (lot fluides médicaux -lot stérilisation et désinfection) ,Gmati Salem,, ,X,X,,,,30,2,100%,X,X,,Travaux réceptionnés                                             Facture N°1 établie et transmise le 10/11/2022,PAS DE D0 ET D6
51,Installation des fluides médicaux a l'HOPITAL LOCAL du NIBEUR (FLUIDES MEDICAUX),Gmati Salem,,,X,X,,,,8,2,100%,X,X,,Travaux réceptionnés                                             Facture N°1 établie et transmise le 15/11/2022,PAS DE D0 ET D6
52,Installation des fluides médicaux a l'HOPITAL LOCAL DU SAKIET SIDI YOUSSEF (lot Fluides),Gmati Salem,,,X,X,,,X,10,2,100%,X,X,,  Travaux réceptionnés                                          Facture N°1 établie et transmise le 15/11/2022,PAS DE D0 ET D6
,,,,,,,,,,,,,,,,,
,,,,,,,,,,,,,,,,,
,,,,,,,,,,,,,,,,,
,,,,,,,,,,,,,,,,,
,,,,,,,Lot non prévu,,,,,,,,,,
,,,,,,,Dossier non reçu,,,,,,,,,,
,,,,,,,Dossier non approuvé,,,,,,,,,,
,,,,,,,Dossier reçu et en cours de vérification,,,,,,,,,,
,,,,,,,MAJ TUNIS,,,,,,,,,,
