CRE JENDOUBA,,,,,,,,,,,,,,,,,
N°,Nom de projet ,L'Ingénieur chargé de l'affaire,D.A.O,,, D0,EXE,,,Nbre des V.tes ,Nbre des V.tes éffect,Avcment des travaux,R PRO,D6 ,R DEF,Observations,
,,,Str,Elec,Fl,,Str,Elec,Fl,,,,,,,,
1,"Entretien et aménagement de l'école primaire 02 Mars ""AIN DRAHEM"".",Abdelwaheb Bannour                Larbech Adel                   Gmati Salem  ,X,X,X,,,,,6,4,100%,X,,,Facture N°1 établie et transmise le 18/08/2023                                                                                    Facture N°2 établie et transmise le 12/12/2023 A VERIFIER PV RP,
2,"Entretien et aménagement de l'école primaire""HLIMA"" JENDOUBA.",,X,X,X,,X,X,X,,5,100%,X,,X,,
3,"Entretien de l'école primaire ""EL MANGOUCH"" à BOUSSALEM. ",,X,X,X,,X,X,X,,5,100%,X,,,,
4,"Entretien de l'école primaire ""SIDI BELGACEM"".",,X,X,X,,X,X,X,,4,100%,X,,,,
5,"Travaux d'entretien et de réaménagement de l'école primaire "" AIN EL MATOUIA"" TR1.",,X,X,X,,X,X,X,,4,100%,X,,,,
6,Construction d'une salle normale à l'école primaire ESSARAYA GHARDIMAOU,Abdelwaheb Bannour Larbech Adel                     Gmati Salem ,X,,,,,,,6,4,100%,X,,,,
7,Construction d'un bloc sanitaire à l'école primaire EZZRAIBIA GHARDIMAOU,,,,,,,,,,,,,,,,
8,Construction d'un bloc sanitaire à l'école primaire ELBRANSIA GHARDIMAOU,,,,,,,,,,,,,,,,
9,Construction d'une cantine à l'école primaire ETTAREF GHARDIMAOU,,X,X,X,,X,X,X,,6,100%,X,,,,
10,Construction d'une cantine à l'école primaire EZZRAIBIA GHARDIMAOU,,,,,,,,,,,,,,,,
11,Construction d'une cloture à l'école primaire ELMREGHMA OUED MLIZ,,,,,,,,,,,,,,,,
12,Construction d'une aire préscolaire à l'école primaire ELBAYADHA GHARDIMAOU,,,,,,,,,,,,,,,,
13,Construction d'une aire préscolaire à l'école primaire ABASSA GHARDIMAOU,,X,X,X,,X,X,X,,4,100%,X,,,,
14,Construction d'une aire préscolaire à l'école primaire BOURIHEN GHARDIMAOU,,,,,,,,,,,,,,,,
15,Entretien de l'école primaire EZZOUBIA OUED MLIZ,Abdelwaheb Bannour                Larbech Adel  ,X,X,X,,,,,8,2,100%,,,,Travaux en cours                                                      Facture N°1 établie et transmise le 14/08/2023,
16,Entretien de l'école primaire BEN BECHIR JENDOUBA NORD,,,,,,,,,15,,0%,,,,Travaux non entamés  ,
17,Entretien de l'école primaire EL MALGUA JENDOUBA,Abdelwaheb Bannour                Larbech Adel   ,X,X,X,,,,,8,4,40%,,,,Facture N°1 établie et transmise le 02/12/2024,EN ARRET
18,Entretien de l'école primaire ESSARA Délégation GHARDIMAOU.,Abdelwaheb Bannour                Larbech Adel                     ,X,X,X,,X,X,X,8,3,100%,X,,,Travaux réceptionnés                                                 Facture N°1 établie et transmise le 14/08/2023                                                                             Facture N°2 établie et transmise le 07/08/2025  ,
19,Entretien de l'école primaire ELAYOUN GHARDIMAOU,Abdelwaheb Bannour Larbech Adel                     Gmati Salem ,X,X,X,,X,X,X,8,3,100%,X,,,Travaux réceptionnés                                                Facture N°1 établie et transmise le 12/12/2023                                                         Facture N°2 établie et transmise le 10/02/2025,
20,Entretien de l'école primaire EL KHAZEN Délégation FERNENA.,Abdelwaheb Bannour                Larbech Adel                     Gmati Salem,X,X,X,,,,,4,2,100%,X,,,Travaux non entamés                                                                 Facture N°1 établie et transmise le 02/12/2024  A VERIFIER,
21,Entretien de l'école primaire SIDI ASKER Délégation TABARKA,,,,,,,,,4,,0%,,,,Travaux non entamés  ,
22,Entretien de l'école primaire ESSOUAGUI Délégation TABARKA,Abdelwaheb Bannour                                                                   Gmati Salem,X,X,X,,X,X,X,6,7,100%,,,,Travaux en cours                                                                      Facture N°1 établie et transmise le 14/08/2023                                                             Facture N°2 établie et transmise le 13/02/2025,
23,Entretien de l'école primaire ELAGUBA Délégation TABARKA,,,,,,,,,6,,0%,,,,Travaux non entamés  ,
24,Entretien d'un bloc sanitaire à l'école primaire EJEWEHRIA JENDOUBA NORD,,,,,,,,,6,,0%,,,,Travaux non entamés  ,
25,Entretien de l'ecole primaire MUTUL JENDOUBA,Abdelwaheb Bannour                Larbech Adel ,X,X,X,X,,,,10,6,90%,,,,Travaux non entamés  ,
26,Entretien de l'ecole primaire ENNOUR JENDOUBA,,X,X,,X,X,,,10,8,100%,X,,,,
27,Entretien de l'ecole primaire EZZGHADIA JENDOUBA,,,,,,X,X,X,10,6,90%,,,,,
28,Entretien de l'ecole primaire ERMILA  FERNENA,Abdelwaheb Bannour                                                                   Gmati Salem,,,,X,X,X,,5,4,90%,,,,Travaux non entamnés,
29,Entretien de l'ecole primaire EZZAOUIA FERNENA,Abdelwaheb Bannour                Larbech Adel ,X,X,X,,X,X,X,8,7,100%,X,,,Travaux réceptionnés                                              Facture N°1 établie et transmise le 12/12/2023                                                   Facture N°2 établie et transmise le 05/02/2025,
30,Entretien de l'ecole primaire EDDOURA GHARDIMAOU,Gmati Salem,,X,X,,X,,X,10,5,90%,,,,,
31,Entretien d'un bloc sanitaire à l'école primaire AIN KSIR JENDOUBA NORD,Abdelwaheb Bannour                                                                   Gmati Salem,X,X,X,,,,,8,4,100%,X,,X,Facture N°1 établie et transmise le 12/12/2023,
32,Entretien d'un bloc sanitaire à l'école primaire AHWADH ELGRAA JENDOUBA NORD,,X,X,X,,,,,,2,100%,X,,,,
33,Entretien d'un bloc sanitaire à l'école primaire NAHJ EL BARID OUED MLIZ,,X,X,X,,,,,,3,100%,X,,X,,
34,Entretien d'un bloc sanitaire à l'école primaire MALOULA TABARKA,,X,X,,,,,,,,0%,,,,,
,,,,,,,,,,,,,,,,,
,,,,,,,,,,,,,,,,,
,,,,,,,,,Lot non prévu,,,,,,,,
,,,,,,,,,Dossier non reçu,,,,,,,,
,,,,,,,,,Dossier non approuvé,,,,,,,,
,,,,,,,,,Dossier reçu et en cours de vérification,,,,,,,,
,,,,,,,,,MAJ TUNIS,,,,,,,,
